<?xml version="1.0" encoding="UTF-8"?>
<opensource_socialnework xmlns="http:/opensource-socialnetwork.org/v/1.0">
    <version>4.4</version>
    <stable_version>4.4</stable_version>
    <release>1495366993</release>
    <build>7634033d8ef6f4f424fd55699ef2eda2519d197c</build>
    <licence>Open Source Social Network License (OSSN LICENSE) v3.0</licence>
    <author_url>http://www.opensource-socialnetwork.org</author_url>
    <copyright>(C) 2014-2015 Informatikon Technologies, 2015-2017 SOFTLAB24 LTD, 2014-2017 Open Source Social Network. All rights reserved</copyright>
</opensource_socialnework>
